batch,day,weight
Batch #1,62,0.93
Batch #1,69,1.37
Batch #1,78,2.32
Batch #1,87,4.11
Batch #1,94,5.59
Batch #1,101,8.66
Batch #1,104,8.85
Batch #1,112,10.6
Batch #1,122,15.89
Batch #1,129,19.45
Batch #1,136,26.98
Batch #1,143,32.84
Batch #1,150,48.6
Batch #1,154,67.4
Batch #1,163,88.12
Batch #1,171,130.3
Batch #1,178,162.2
Batch #1,185,167.6
Batch #1,192,204.0
Batch #1,199,241.0
Batch #1,206,263.8
Batch #1,213,290.0
Batch #1,220,308.2
Batch #1,227,350.0
Batch #2,51,0.44
Batch #2,58,0.72
Batch #2,61,0.99
Batch #2,72,2.0
Batch #2,79,3.23
Batch #2,86,5.66
Batch #2,93,9.44
Batch #2,99,9.17
Batch #2,107,12.92
Batch #2,114,17.27
Batch #2,121,29.47
Batch #2,128,36.5
Batch #2,135,44.8
Batch #2,142,57.7
Batch #2,149,68.5
Batch #2,156,116.4
Batch #2,163,130.0
Batch #2,170,173.5
Batch #2,177,205.0
Batch #2,184,225.0
Batch #2,198,291.8
Batch #2,212,354.0
Batch #2,218,387.0
Batch #3,45,0.435
Batch #3,51,0.63
Batch #3,58,1.05
Batch #3,65,1.3
Batch #3,72,2.2
Batch #3,79,4.17
Batch #3,86,6.66
Batch #3,93,10.31
Batch #3,100,17.5
Batch #3,107,21.7
Batch #3,114,28.0
Batch #3,128,33.9
Batch #3,135,45.9
Batch #3,142,67.7
Batch #3,148,84.8
Batch #3,156,105.0
Batch #3,163,130.8
Batch #3,170,156.6
Batch #3,177,220.6
Batch #3,184,271.5
Batch #3,191,341.0
Batch #3,198,366.0
Batch #3,204,348.6
Batch #3,212,396.7
Batch #3,219,450.0
Batch #4,45,0.3
Batch #4,52,0.61
Batch #4,73,3.4
Batch #4,80,5.7
Batch #4,87,7.9
Batch #4,93,11.5
Batch #4,98,14.86
Batch #4,101,15.26
Batch #4,108,20.48
Batch #4,115,33.3
Batch #4,123,48.6
Batch #4,129,57.3
Batch #4,136,83.1
Batch #4,143,96.6
Batch #4,149,133.2
Batch #4,157,148.9
Batch #4,164,178.5
Batch #4,171,208.0
Batch #4,178,237.3
Batch #4,185,303.8
Batch #4,192,348.0
Batch #4,199,387.0
Batch #4,206,381.4
Batch #4,213,378.0
Batch #4,220,400.0
Batch #4,228,450.0
Batch #5,50,0.54
Batch #5,57,0.89
Batch #5,64,1.63
Batch #5,72,2.4
Batch #5,78,3.5
Batch #5,85,4.55
Batch #5,92,5.6
Batch #5,98,9.95
Batch #5,106,13.87
Batch #5,113,19.19
Batch #5,120,28.07
Batch #5,124,33.9
Batch #5,136,55.0
Batch #5,141,61.2
Batch #5,148,82.1
Batch #5,155,99.4
Batch #5,162,147.3
Batch #5,169,168.0
Batch #5,177,222.0
Batch #5,183,254.5
Batch #5,191,297.8
Batch #5,197,354.6
Batch #5,204,396.5
Batch #5,211,410.5
Batch #5,218,430.0
Batch #5,226,335.0
Batch #5,232,315.0
Batch #5,239,321.5
Batch #5,243,322.0
Batch #6,62,0.248
Batch #6,69,0.62
Batch #6,76,0.96
Batch #6,83,1.76
Batch #6,90,2.74
Batch #6,98,4.57
Batch #6,104,8.08
Batch #6,111,11.6
Batch #6,118,15.6
Batch #6,121,18.3
Batch #6,125,18.5
Batch #6,132,30.42
Batch #6,139,41.6
Batch #6,147,52.2
Batch #6,153,71.4
Batch #6,160,105.2
Batch #6,167,121.0
Batch #6,168,143.7
Batch #6,174,162.0
Batch #6,181,173.5
Batch #6,188,191.0
Batch #6,202,265.7
Batch #7,52,0.224
Batch #7,59,0.43
Batch #7,66,1.03
Batch #7,73,1.1
Batch #7,80,2.09
Batch #7,88,3.06
Batch #7,94,3.98
Batch #7,101,4.98
Batch #7,109,7.2
Batch #7,115,14.95
Batch #7,122,15.7
Batch #7,127,21.34
Batch #7,140,30.35
Batch #7,143,36.4
Batch #7,157,62.0
Batch #7,164,84.6
Batch #7,171,109.4
Batch #7,185,152.0
Batch #7,192,163.6
Batch #7,199,187.0
Batch #7,206,213.8
Batch #7,214,238.4
Batch #7,220,277.0
Batch #7,227,346.0
Batch #8,57,0.599
Batch #8,62,0.56
Batch #8,71,1.15
Batch #8,76,1.63
Batch #8,92,5.28
Batch #8,99,8.14
Batch #8,106,9.91
Batch #8,113,15.0
Batch #8,120,20.6
Batch #8,127,27.8
Batch #8,134,32.2
Batch #8,141,48.4
Batch #8,150,67.5
Batch #8,155,94.2
Batch #8,162,126.2
Batch #8,169,148.5
Batch #8,177,221.0
Batch #8,190,256.0
Batch #8,197,288.5
Batch #8,204,305.0
Batch #9,59,0.67
Batch #9,66,1.03
Batch #9,70,1.4
Batch #9,80,2.68
Batch #9,87,4.27
Batch #9,96,7.64
Batch #9,101,10.02
Batch #9,108,14.0
Batch #9,112,18.6
Batch #9,124,25.1
Batch #9,129,30.2
Batch #9,136,40.2
Batch #9,143,44.7
Batch #9,150,66.1
Batch #9,157,87.6
Batch #9,164,70.0
Batch #9,172,136.4
Batch #9,179,150.0
Batch #9,182,175.1
Batch #9,192,198.5
Batch #9,199,231.5
Batch #9,206,231.0
Batch #9,213,225.6
Batch #9,220,287.0
Batch #9,227,351.1
Batch #9,232,298.5
Batch #9,234,313.5
Batch #10,31,0.2
Batch #10,38,0.2
Batch #10,45,0.48
Batch #10,52,0.94
Batch #10,61,2.35
Batch #10,66,3.13
Batch #10,73,5.53
Batch #10,80,8.95
Batch #10,87,13.45
Batch #10,94,19.0
Batch #10,101,22.5
Batch #10,109,33.5
Batch #10,116,48.5
Batch #10,122,57.5
Batch #10,129,65.3
Batch #10,136,77.0
Batch #10,143,77.7
Batch #10,150,79.5
Batch #10,157,87.8
Batch #10,164,104.1
Batch #10,169,107.5
Batch #10,177,123.2
Batch #10,183,134.1
Batch #10,189,152.0
Batch #10,197,186.4
Batch #10,204,190.8
Batch #10,211,233.8
Batch #10,221,236.0
Batch #10,225,286.7
Batch #10,234,258.8
Batch #11,53,0.35
Batch #11,58,0.61
Batch #11,66,1.27
Batch #11,73,2.24
Batch #11,80,3.57
Batch #11,87,5.79
Batch #11,94,7.88
Batch #11,101,12.54
Batch #11,108,17.24
Batch #11,113,19.96
Batch #11,119,22.9
Batch #11,127,33.1
Batch #11,133,32.0
Batch #11,141,40.7
Batch #11,148,51.4
Batch #11,155,57.5
Batch #11,165,88.1
Batch #11,169,95.0
Batch #11,178,99.2
Batch #11,191,119.6
Batch #11,199,131.6
Batch #11,203,210.5
Batch #11,211,230.0
Batch #11,217,275.3
Batch #11,225,302.2
Batch #12,59,0.3
Batch #12,64,0.6
Batch #12,72,1.14
Batch #12,78,1.51
Batch #12,84,1.825
Batch #12,92,2.54
Batch #12,99,4.13
Batch #12,106,6.99
Batch #12,116,10.91
Batch #12,118,15.1
Batch #12,120,15.4
Batch #12,129,21.27
Batch #12,142,36.1
Batch #12,150,43.3
Batch #12,155,55.0
Batch #12,162,69.7
Batch #12,168,63.1
Batch #12,176,97.3
Batch #12,186,116.3
Batch #12,196,192.4
Batch #12,204,220.6
Batch #12,211,213.0
Batch #12,217,245.3
Batch #12,225,315.4
Batch #12,232,351.0
Batch #12,242,402.2
Batch #12,248,455.5
Batch #12,253,501.7
Batch #12,260,584.9
Batch #12,266,600.8
Batch #13,44,0.27
Batch #13,48,0.43
Batch #13,57,0.87
Batch #13,70,1.79
Batch #13,78,3.07
Batch #13,83,4.2
Batch #13,90,5.82
Batch #13,96,6.94
Batch #13,104,11.81
Batch #13,113,17.94
Batch #13,124,25.18
Batch #13,130,31.07
Batch #13,139,42.62
Batch #13,145,48.0
Batch #13,153,51.4
Batch #13,160,67.1
Batch #13,170,90.3
Batch #13,176,112.0
Batch #13,181,125.5
Batch #13,188,137.8
Batch #13,198,170.8
Batch #13,202,180.6
Batch #13,209,165.4
Batch #13,214,199.7
Batch #13,224,253.8
Batch #13,229,273.0
Batch #13,237,296.7
Batch #13,244,336.7
Batch #13,251,288.5
Batch #13,257,298.1
Batch #13,265,310.4
Batch #13,273,313.85
Batch #13,282,348.5
Batch #13,257,339.6
Batch #13,264,354.3
Batch #13,271,353.2
Batch #13,281,450.42
Batch #14,5,0.34
Batch #14,12,0.71
Batch #14,22,1.41
Batch #14,28,2.28
Batch #14,33,3.08
Batch #14,40,5.41
Batch #14,49,10.0
Batch #14,54,11.7
Batch #14,61,14.0
Batch #14,68,23.5
Batch #14,76,24.4
Batch #14,81,31.0
Batch #14,89,38.1
Batch #14,96,50.6
Batch #14,103,56.9
Batch #14,109,58.7
Batch #14,117,64.9
Batch #14,125,102.5
Batch #14,134,86.7
Batch #14,138,95.2
Batch #14,145,81.2
Batch #14,152,100.6
Batch #14,159,116.18
Batch #14,166,97.7
Batch #14,173,113.4
Batch #14,180,104.2
Batch #14,187,107.9
Batch #14,193,138.8
Batch #14,201,144.38
Batch #14,213,93.77
Batch #15,1,0.2
Batch #15,2,0.27
Batch #15,7,0.38
Batch #15,14,0.78
Batch #15,26,2.02
Batch #15,35,3.57
Batch #15,42,5.53
Batch #15,44,7.17
Batch #15,50,8.81
Batch #15,55,12.25
Batch #15,63,18.55
Batch #15,70,23.43
Batch #15,77,21.7
Batch #15,79,26.5
Batch #15,83,28.2
Batch #15,91,29.0
Batch #15,99,38.06
Batch #15,108,43.1
Batch #15,112,54.0
Batch #15,119,50.5
Batch #15,126,54.8
Batch #15,133,63.07
Batch #15,140,73.4
Batch #15,147,77.5
Batch #15,154,113.91
Batch #15,161,96.5
Batch #15,167,128.3
Batch #15,175,127.78
Batch #15,182,136.6
Batch #15,189,131.6
Batch #15,196,141.49
Batch #15,202,161.25
Batch #15,209,157.75
Batch #15,217,145.1
Batch #15,223,226.1
Batch #15,232,103.1
Batch #15,238,100.0
Batch #16,1,0.2
Batch #16,8,0.52
Batch #16,15,1.08
Batch #16,22,1.23
Batch #16,25,1.39
Batch #16,36,3.08
Batch #16,44,5.48
Batch #16,53,7.39
Batch #16,57,9.09
Batch #16,64,10.32
Batch #16,71,13.94
Batch #16,78,18.24
Batch #16,85,18.78
Batch #16,92,24.08
Batch #16,99,30.86
Batch #16,106,29.09
Batch #16,112,31.33
Batch #16,120,40.98
Batch #16,127,43.35
Batch #16,134,42.51
Batch #16,137,49.9
Batch #16,141,51.0
Batch #16,147,55.28
Batch #16,154,53.16
Batch #16,162,71.7
Batch #16,168,71.45
Batch #16,177,90.3
Batch #16,183,93.0
Batch #16,190,107.93
Batch #16,198,75.7
Batch #16,206,92.71
Batch #16,211,101.2
Batch #16,218,123.9
Batch #16,225,124.9
Batch #17,1,0.2
Batch #17,12,0.47
Batch #17,19,0.88
Batch #17,26,1.26
Batch #17,33,1.61
Batch #17,39,1.76
Batch #17,47,3.61
Batch #17,61,6.64
Batch #17,74,13.41
Batch #17,81,17.52
Batch #17,89,21.41
Batch #17,95,26.83
Batch #17,104,32.48
Batch #17,110,38.1
Batch #17,114,45.57
Batch #17,117,47.03
Batch #17,125,52.57
Batch #17,133,54.55
Batch #17,138,69.8
Batch #17,145,70.9
Batch #17,152,95.9
Batch #17,160,125.06
Batch #17,166,121.09
Batch #17,173,136.0
Batch #17,180,161.3
Batch #17,188,172.3
Batch #17,194,191.0
Batch #17,200,227.36
Batch #17,209,257.0
Batch #17,214,260.67
Batch #18,1,0.2
Batch #18,7,0.31
Batch #18,15,0.7
Batch #18,22,1.0
Batch #18,30,1.49
Batch #18,36,2.02
Batch #18,43,3.39
Batch #18,51,5.06
Batch #18,59,9.34
Batch #18,64,10.8
Batch #18,71,11.46
Batch #18,78,14.98
Batch #18,79,17.41
Batch #18,86,26.26
Batch #18,92,31.16
Batch #18,99,35.5
Batch #18,106,35.8
Batch #18,114,44.5
Batch #18,120,53.1
Batch #18,126,73.59
Batch #18,135,78.8
Batch #18,140,79.19
Batch #18,148,82.0
Batch #19,1,0.2
Batch #19,10,0.37
Batch #19,18,0.75
Batch #19,23,0.96
Batch #19,30,1.26
Batch #19,37,2.09
Batch #19,45,3.78
Batch #19,51,5.33
Batch #19,58,8.84
Batch #19,65,12.4
Batch #19,73,15.87
Batch #19,79,21.26
Batch #19,86,29.5
Batch #19,94,34.35
Batch #19,99,44.9
Batch #19,107,42.31
Batch #20,1,0.2
Batch #20,9,0.43
Batch #20,16,0.74
Batch #20,24,1.06
Batch #20,30,1.63
Batch #20,37,2.81
Batch #20,45,4.26
Batch #20,50,6.18
Batch #20,58,9.88
